id,category,label,label_name,rationale,template,path,provenance,n_chars,n_lines
safe_everyday_0001,safe_everyday,0,safe,"download to file, not piped to shell",t_curl_download,scripts/safe_everyday_0001.sh,synthetic-template/seed=1337,158,5
safe_everyday_0002,safe_everyday,0,safe,HARD-NEG curl download + checksum (safe),t_hn_curl_checksum,scripts/safe_everyday_0002.sh,synthetic-template/seed=1337,214,5
safe_everyday_0003,safe_everyday,0,safe,"download to file, not piped to shell",t_curl_download,scripts/safe_everyday_0003.sh,synthetic-template/seed=1337,149,5
safe_everyday_0004,safe_everyday,0,safe,HARD-NEG curl download + checksum (safe),t_hn_curl_checksum,scripts/safe_everyday_0004.sh,synthetic-template/seed=1337,205,5
safe_everyday_0005,safe_everyday,0,safe,HARD-NEG privileged apt install (safe),t_hn_sudo_apt,scripts/safe_everyday_0005.sh,synthetic-template/seed=1337,154,4
safe_everyday_0006,safe_everyday,0,safe,git workflow,t_git,scripts/safe_everyday_0006.sh,synthetic-template/seed=1337,82,5
safe_everyday_0007,safe_everyday,0,safe,HARD-NEG bounded rm -rf of tmp dir (safe),t_hn_rm_tmp,scripts/safe_everyday_0007.sh,synthetic-template/seed=1337,158,6
safe_everyday_0008,safe_everyday,0,safe,read-only loop over text files,t_loop,scripts/safe_everyday_0008.sh,synthetic-template/seed=1337,95,5
safe_everyday_0009,safe_everyday,0,safe,HARD-NEG curl download + checksum (safe),t_hn_curl_checksum,scripts/safe_everyday_0009.sh,synthetic-template/seed=1337,193,5
safe_everyday_0010,safe_everyday,0,safe,HARD-NEG privileged apt install (safe),t_hn_sudo_apt,scripts/safe_everyday_0010.sh,synthetic-template/seed=1337,155,4
safe_everyday_0011,safe_everyday,0,safe,"python venv setup, no privilege",t_venv,scripts/safe_everyday_0011.sh,synthetic-template/seed=1337,150,6
safe_everyday_0012,safe_everyday,0,safe,read-only listing,t_list,scripts/safe_everyday_0012.sh,synthetic-template/seed=1337,72,3
safe_everyday_0013,safe_everyday,0,safe,read-only listing,t_list,scripts/safe_everyday_0013.sh,synthetic-template/seed=1337,76,3
safe_everyday_0014,safe_everyday,0,safe,HARD-NEG curl download + checksum (safe),t_hn_curl_checksum,scripts/safe_everyday_0014.sh,synthetic-template/seed=1337,202,5
safe_everyday_0015,safe_everyday,0,safe,HARD-NEG privileged apt install (safe),t_hn_sudo_apt,scripts/safe_everyday_0015.sh,synthetic-template/seed=1337,160,4
safe_everyday_0016,safe_everyday,0,safe,HARD-NEG privileged apt install (safe),t_hn_sudo_apt,scripts/safe_everyday_0016.sh,synthetic-template/seed=1337,146,4
safe_everyday_0017,safe_everyday,0,safe,HARD-NEG bounded rm -rf of tmp dir (safe),t_hn_rm_tmp,scripts/safe_everyday_0017.sh,synthetic-template/seed=1337,154,6
safe_everyday_0018,safe_everyday,0,safe,"download to file, not piped to shell",t_curl_download,scripts/safe_everyday_0018.sh,synthetic-template/seed=1337,146,5
safe_everyday_0019,safe_everyday,0,safe,read-only disk usage,t_disk,scripts/safe_everyday_0019.sh,synthetic-template/seed=1337,88,3
safe_everyday_0020,safe_everyday,0,safe,local copy into project subdir,t_copy,scripts/safe_everyday_0020.sh,synthetic-template/seed=1337,152,5
safe_everyday_0021,safe_everyday,0,safe,HARD-NEG bounded rm -rf of tmp dir (safe),t_hn_rm_tmp,scripts/safe_everyday_0021.sh,synthetic-template/seed=1337,160,6
safe_everyday_0022,safe_everyday,0,safe,"download to file, not piped to shell",t_curl_download,scripts/safe_everyday_0022.sh,synthetic-template/seed=1337,149,5
safe_everyday_0023,safe_everyday,0,safe,"download to file, not piped to shell",t_curl_download,scripts/safe_everyday_0023.sh,synthetic-template/seed=1337,146,5
safe_everyday_0024,safe_everyday,0,safe,HARD-NEG privileged apt install (safe),t_hn_sudo_apt,scripts/safe_everyday_0024.sh,synthetic-template/seed=1337,147,4
safe_everyday_0025,safe_everyday,0,safe,local rename in user dir,t_rename,scripts/safe_everyday_0025.sh,synthetic-template/seed=1337,115,5
safe_everyday_0026,safe_everyday,0,safe,HARD-NEG privileged apt install (safe),t_hn_sudo_apt,scripts/safe_everyday_0026.sh,synthetic-template/seed=1337,148,4
safe_everyday_0027,safe_everyday,0,safe,routine backup with safe targets,t_backup,scripts/safe_everyday_0027.sh,synthetic-template/seed=1337,166,5
safe_everyday_0028,safe_everyday,0,safe,local copy into project subdir,t_copy,scripts/safe_everyday_0028.sh,synthetic-template/seed=1337,134,5
safe_everyday_0029,safe_everyday,0,safe,read-only loop over text files,t_loop,scripts/safe_everyday_0029.sh,synthetic-template/seed=1337,94,5
safe_everyday_0030,safe_everyday,0,safe,HARD-NEG curl download + checksum (safe),t_hn_curl_checksum,scripts/safe_everyday_0030.sh,synthetic-template/seed=1337,199,5
safe_everyday_0031,safe_everyday,0,safe,routine backup with safe targets,t_backup,scripts/safe_everyday_0031.sh,synthetic-template/seed=1337,165,5
safe_everyday_0032,safe_everyday,0,safe,"download to file, not piped to shell",t_curl_download,scripts/safe_everyday_0032.sh,synthetic-template/seed=1337,164,5
safe_everyday_0033,safe_everyday,0,safe,"download to file, not piped to shell",t_curl_download,scripts/safe_everyday_0033.sh,synthetic-template/seed=1337,143,5
safe_everyday_0034,safe_everyday,0,safe,local rename in user dir,t_rename,scripts/safe_everyday_0034.sh,synthetic-template/seed=1337,110,5
safe_everyday_0035,safe_everyday,0,safe,HARD-NEG privileged apt install (safe),t_hn_sudo_apt,scripts/safe_everyday_0035.sh,synthetic-template/seed=1337,147,4
safe_everyday_0036,safe_everyday,0,safe,"download to file, not piped to shell",t_curl_download,scripts/safe_everyday_0036.sh,synthetic-template/seed=1337,155,5
safe_everyday_0037,safe_everyday,0,safe,local rename in user dir,t_rename,scripts/safe_everyday_0037.sh,synthetic-template/seed=1337,113,5
safe_everyday_0038,safe_everyday,0,safe,local rename in user dir,t_rename,scripts/safe_everyday_0038.sh,synthetic-template/seed=1337,110,5
safe_everyday_0039,safe_everyday,0,safe,routine backup with safe targets,t_backup,scripts/safe_everyday_0039.sh,synthetic-template/seed=1337,159,5
safe_everyday_0040,safe_everyday,0,safe,HARD-NEG curl download + checksum (safe),t_hn_curl_checksum,scripts/safe_everyday_0040.sh,synthetic-template/seed=1337,202,5
safe_everyday_0041,safe_everyday,0,safe,local rename in user dir,t_rename,scripts/safe_everyday_0041.sh,synthetic-template/seed=1337,111,5
safe_everyday_0042,safe_everyday,0,safe,local rename in user dir,t_rename,scripts/safe_everyday_0042.sh,synthetic-template/seed=1337,113,5
safe_everyday_0043,safe_everyday,0,safe,HARD-NEG curl download + checksum (safe),t_hn_curl_checksum,scripts/safe_everyday_0043.sh,synthetic-template/seed=1337,208,5
safe_everyday_0044,safe_everyday,0,safe,HARD-NEG privileged apt install (safe),t_hn_sudo_apt,scripts/safe_everyday_0044.sh,synthetic-template/seed=1337,158,4
safe_everyday_0045,safe_everyday,0,safe,read-only loop over text files,t_loop,scripts/safe_everyday_0045.sh,synthetic-template/seed=1337,101,5
safe_everyday_0046,safe_everyday,0,safe,routine backup with safe targets,t_backup,scripts/safe_everyday_0046.sh,synthetic-template/seed=1337,162,5
safe_everyday_0047,safe_everyday,0,safe,read-only listing,t_list,scripts/safe_everyday_0047.sh,synthetic-template/seed=1337,71,3
safe_everyday_0048,safe_everyday,0,safe,local rename in user dir,t_rename,scripts/safe_everyday_0048.sh,synthetic-template/seed=1337,109,5
safe_everyday_0049,safe_everyday,0,safe,routine backup with safe targets,t_backup,scripts/safe_everyday_0049.sh,synthetic-template/seed=1337,165,5
safe_everyday_0050,safe_everyday,0,safe,read-only grep,t_count,scripts/safe_everyday_0050.sh,synthetic-template/seed=1337,96,3
safe_everyday_0051,safe_everyday,0,safe,"download to file, not piped to shell",t_curl_download,scripts/safe_everyday_0051.sh,synthetic-template/seed=1337,152,5
safe_everyday_0052,safe_everyday,0,safe,routine backup with safe targets,t_backup,scripts/safe_everyday_0052.sh,synthetic-template/seed=1337,161,5
safe_everyday_0053,safe_everyday,0,safe,read-only loop over text files,t_loop,scripts/safe_everyday_0053.sh,synthetic-template/seed=1337,93,5
safe_everyday_0054,safe_everyday,0,safe,read-only grep,t_count,scripts/safe_everyday_0054.sh,synthetic-template/seed=1337,93,3
safe_everyday_0055,safe_everyday,0,safe,local copy into project subdir,t_copy,scripts/safe_everyday_0055.sh,synthetic-template/seed=1337,140,5
safe_everyday_0056,safe_everyday,0,safe,"download to file, not piped to shell",t_curl_download,scripts/safe_everyday_0056.sh,synthetic-template/seed=1337,152,5
safe_everyday_0057,safe_everyday,0,safe,read-only grep,t_count,scripts/safe_everyday_0057.sh,synthetic-template/seed=1337,91,3
safe_everyday_0058,safe_everyday,0,safe,read-only grep,t_count,scripts/safe_everyday_0058.sh,synthetic-template/seed=1337,89,3
safe_everyday_0059,safe_everyday,0,safe,routine backup with safe targets,t_backup,scripts/safe_everyday_0059.sh,synthetic-template/seed=1337,162,5
safe_everyday_0060,safe_everyday,0,safe,local rename in user dir,t_rename,scripts/safe_everyday_0060.sh,synthetic-template/seed=1337,116,5
safe_everyday_0061,safe_everyday,0,safe,local copy into project subdir,t_copy,scripts/safe_everyday_0061.sh,synthetic-template/seed=1337,156,5
safe_everyday_0062,safe_everyday,0,safe,read-only loop over text files,t_loop,scripts/safe_everyday_0062.sh,synthetic-template/seed=1337,99,5
safe_everyday_0063,safe_everyday,0,safe,local rename in user dir,t_rename,scripts/safe_everyday_0063.sh,synthetic-template/seed=1337,116,5
safe_everyday_0064,safe_everyday,0,safe,HARD-NEG privileged apt install (safe),t_hn_sudo_apt,scripts/safe_everyday_0064.sh,synthetic-template/seed=1337,152,4
safe_everyday_0065,safe_everyday,0,safe,local copy into project subdir,t_copy,scripts/safe_everyday_0065.sh,synthetic-template/seed=1337,139,5
safe_everyday_0066,safe_everyday,0,safe,read-only grep,t_count,scripts/safe_everyday_0066.sh,synthetic-template/seed=1337,97,3
safe_everyday_0067,safe_everyday,0,safe,local copy into project subdir,t_copy,scripts/safe_everyday_0067.sh,synthetic-template/seed=1337,141,5
safe_everyday_0068,safe_everyday,0,safe,read-only listing,t_list,scripts/safe_everyday_0068.sh,synthetic-template/seed=1337,74,3
safe_everyday_0069,safe_everyday,0,safe,HARD-NEG curl download + checksum (safe),t_hn_curl_checksum,scripts/safe_everyday_0069.sh,synthetic-template/seed=1337,202,5
safe_everyday_0070,safe_everyday,0,safe,read-only listing,t_list,scripts/safe_everyday_0070.sh,synthetic-template/seed=1337,72,3
safe_everyday_0071,safe_everyday,0,safe,read-only grep,t_count,scripts/safe_everyday_0071.sh,synthetic-template/seed=1337,95,3
safe_everyday_0072,safe_everyday,0,safe,local copy into project subdir,t_copy,scripts/safe_everyday_0072.sh,synthetic-template/seed=1337,154,5
safe_everyday_0073,safe_everyday,0,safe,read-only listing,t_list,scripts/safe_everyday_0073.sh,synthetic-template/seed=1337,77,3
safe_everyday_0074,safe_everyday,0,safe,local copy into project subdir,t_copy,scripts/safe_everyday_0074.sh,synthetic-template/seed=1337,141,5
safe_everyday_0075,safe_everyday,0,safe,local copy into project subdir,t_copy,scripts/safe_everyday_0075.sh,synthetic-template/seed=1337,166,5
safe_everyday_0076,safe_everyday,0,safe,read-only loop over text files,t_loop,scripts/safe_everyday_0076.sh,synthetic-template/seed=1337,102,5
safe_everyday_0077,safe_everyday,0,safe,"download to file, not piped to shell",t_curl_download,scripts/safe_everyday_0077.sh,synthetic-template/seed=1337,152,5
safe_everyday_0078,safe_everyday,0,safe,read-only loop over text files,t_loop,scripts/safe_everyday_0078.sh,synthetic-template/seed=1337,96,5
safe_everyday_0079,safe_everyday,0,safe,read-only grep,t_count,scripts/safe_everyday_0079.sh,synthetic-template/seed=1337,92,3
safe_everyday_0080,safe_everyday,0,safe,read-only grep,t_count,scripts/safe_everyday_0080.sh,synthetic-template/seed=1337,88,3
safe_everyday_0081,safe_everyday,0,safe,HARD-NEG privileged apt install (safe),t_hn_sudo_apt,scripts/safe_everyday_0081.sh,synthetic-template/seed=1337,145,4
safe_everyday_0082,safe_everyday,0,safe,HARD-NEG curl download + checksum (safe),t_hn_curl_checksum,scripts/safe_everyday_0082.sh,synthetic-template/seed=1337,202,5
safe_everyday_0083,safe_everyday,0,safe,read-only listing,t_list,scripts/safe_everyday_0083.sh,synthetic-template/seed=1337,76,3
safe_everyday_0084,safe_everyday,0,safe,read-only grep,t_count,scripts/safe_everyday_0084.sh,synthetic-template/seed=1337,98,3
safe_everyday_0085,safe_everyday,0,safe,routine backup with safe targets,t_backup,scripts/safe_everyday_0085.sh,synthetic-template/seed=1337,161,5
safe_everyday_0086,safe_everyday,0,safe,local copy into project subdir,t_copy,scripts/safe_everyday_0086.sh,synthetic-template/seed=1337,144,5
safe_everyday_0087,safe_everyday,0,safe,local copy into project subdir,t_copy,scripts/safe_everyday_0087.sh,synthetic-template/seed=1337,155,5
safe_everyday_0088,safe_everyday,0,safe,read-only grep,t_count,scripts/safe_everyday_0088.sh,synthetic-template/seed=1337,96,3
safe_everyday_0089,safe_everyday,0,safe,local copy into project subdir,t_copy,scripts/safe_everyday_0089.sh,synthetic-template/seed=1337,144,5
safe_everyday_0090,safe_everyday,0,safe,read-only listing,t_list,scripts/safe_everyday_0090.sh,synthetic-template/seed=1337,78,3
safe_everyday_0091,safe_everyday,0,safe,local copy into project subdir,t_copy,scripts/safe_everyday_0091.sh,synthetic-template/seed=1337,148,5
safe_everyday_0092,safe_everyday,0,safe,read-only loop over text files,t_loop,scripts/safe_everyday_0092.sh,synthetic-template/seed=1337,99,5
safe_everyday_0093,safe_everyday,0,safe,read-only grep,t_count,scripts/safe_everyday_0093.sh,synthetic-template/seed=1337,90,3
safe_everyday_0094,safe_everyday,0,safe,read-only loop over text files,t_loop,scripts/safe_everyday_0094.sh,synthetic-template/seed=1337,97,5
safe_everyday_0095,safe_everyday,0,safe,"download to file, not piped to shell",t_curl_download,scripts/safe_everyday_0095.sh,synthetic-template/seed=1337,152,5
malicious_0096,malicious,1,dangerous,bash /dev/tcp reverse shell,t_revshell_bash,scripts/malicious_0096.sh,synthetic-template/seed=1337,51,2
malicious_0097,malicious,1,dangerous,HARD-POS split download+chmod+exec,t_hp_download_exec,scripts/malicious_0097.sh,synthetic-template/seed=1337,93,4
malicious_0098,malicious,1,dangerous,HARD-POS split download+chmod+exec,t_hp_download_exec,scripts/malicious_0098.sh,synthetic-template/seed=1337,83,4
malicious_0099,malicious,1,dangerous,HARD-POS perl reverse shell (evasive),t_hp_perl_revshell,scripts/malicious_0099.sh,synthetic-template/seed=1337,198,2
malicious_0100,malicious,1,dangerous,HARD-POS perl reverse shell (evasive),t_hp_perl_revshell,scripts/malicious_0100.sh,synthetic-template/seed=1337,198,2
malicious_0101,malicious,1,dangerous,bash /dev/tcp reverse shell,t_revshell_bash,scripts/malicious_0101.sh,synthetic-template/seed=1337,54,2
malicious_0102,malicious,1,dangerous,bash /dev/tcp reverse shell,t_revshell_bash,scripts/malicious_0102.sh,synthetic-template/seed=1337,54,2
malicious_0103,malicious,1,dangerous,HARD-POS split download+chmod+exec,t_hp_download_exec,scripts/malicious_0103.sh,synthetic-template/seed=1337,83,4
malicious_0104,malicious,1,dangerous,bash /dev/tcp reverse shell,t_revshell_bash,scripts/malicious_0104.sh,synthetic-template/seed=1337,54,2
malicious_0105,malicious,1,dangerous,HARD-POS split download+chmod+exec,t_hp_download_exec,scripts/malicious_0105.sh,synthetic-template/seed=1337,80,4
malicious_0106,malicious,1,dangerous,HARD-POS split download+chmod+exec,t_hp_download_exec,scripts/malicious_0106.sh,synthetic-template/seed=1337,83,4
malicious_0107,malicious,1,dangerous,HARD-POS unset-var rm wipe,t_hp_unset_var_rm,scripts/malicious_0107.sh,synthetic-template/seed=1337,50,3
malicious_0108,malicious,1,dangerous,exfiltrate /etc/passwd,t_exfil,scripts/malicious_0108.sh,synthetic-template/seed=1337,68,2
malicious_0109,malicious,1,dangerous,cron persistence + remote exec,t_cron_persist,scripts/malicious_0109.sh,synthetic-template/seed=1337,106,2
malicious_0110,malicious,1,dangerous,remote code exec via curl|bash,t_curl_bash,scripts/malicious_0110.sh,synthetic-template/seed=1337,66,2
malicious_0111,malicious,1,dangerous,exfiltrate /etc/shadow over nc,t_passwd_exfil,scripts/malicious_0111.sh,synthetic-template/seed=1337,53,2
malicious_0112,malicious,1,dangerous,exfiltrate /etc/shadow over nc,t_passwd_exfil,scripts/malicious_0112.sh,synthetic-template/seed=1337,60,2
malicious_0113,malicious,1,dangerous,format device,t_mkfs,scripts/malicious_0113.sh,synthetic-template/seed=1337,37,2
malicious_0114,malicious,1,dangerous,destructive root wipe,t_rm_root,scripts/malicious_0114.sh,synthetic-template/seed=1337,63,3
malicious_0115,malicious,1,dangerous,remote code exec via curl|bash,t_curl_bash,scripts/malicious_0115.sh,synthetic-template/seed=1337,65,2
malicious_0116,malicious,1,dangerous,HARD-POS deferred destructive at-job,t_hp_at_job,scripts/malicious_0116.sh,synthetic-template/seed=1337,61,2
malicious_0117,malicious,1,dangerous,anti-forensic log/history wipe,t_logwipe,scripts/malicious_0117.sh,synthetic-template/seed=1337,56,4
malicious_0118,malicious,1,dangerous,remote code exec via curl|bash,t_curl_bash,scripts/malicious_0118.sh,synthetic-template/seed=1337,75,2
malicious_0119,malicious,1,dangerous,HARD-POS split download+chmod+exec,t_hp_download_exec,scripts/malicious_0119.sh,synthetic-template/seed=1337,84,4
malicious_0120,malicious,1,dangerous,bash /dev/tcp reverse shell,t_revshell_bash,scripts/malicious_0120.sh,synthetic-template/seed=1337,57,2
malicious_0121,malicious,1,dangerous,HARD-POS catastrophic find -delete,t_hp_find_delete,scripts/malicious_0121.sh,synthetic-template/seed=1337,57,2
malicious_0122,malicious,1,dangerous,HARD-POS env+python remote exec,t_hp_env_exec,scripts/malicious_0122.sh,synthetic-template/seed=1337,150,3
malicious_0123,malicious,1,dangerous,exfiltrate /etc/shadow over nc,t_passwd_exfil,scripts/malicious_0123.sh,synthetic-template/seed=1337,47,2
malicious_0124,malicious,1,dangerous,fork bomb DoS,t_forkbomb,scripts/malicious_0124.sh,synthetic-template/seed=1337,14,1
malicious_0125,malicious,1,dangerous,netcat reverse shell,t_revshell_nc,scripts/malicious_0125.sh,synthetic-template/seed=1337,31,1
malicious_0126,malicious,1,dangerous,dd device wipe,t_dd_wipe,scripts/malicious_0126.sh,synthetic-template/seed=1337,51,2
malicious_0127,malicious,1,dangerous,format device,t_mkfs,scripts/malicious_0127.sh,synthetic-template/seed=1337,36,2
malicious_0128,malicious,1,dangerous,passwordless sudo persistence,t_sudoers,scripts/malicious_0128.sh,synthetic-template/seed=1337,69,2
malicious_0129,malicious,1,dangerous,HARD-POS perl reverse shell (evasive),t_hp_perl_revshell,scripts/malicious_0129.sh,synthetic-template/seed=1337,192,2
malicious_0130,malicious,1,dangerous,exfiltrate /etc/shadow over nc,t_passwd_exfil,scripts/malicious_0130.sh,synthetic-template/seed=1337,60,2
malicious_0131,malicious,1,dangerous,dd device wipe,t_dd_wipe,scripts/malicious_0131.sh,synthetic-template/seed=1337,51,2
malicious_0132,malicious,1,dangerous,HARD-POS perl reverse shell (evasive),t_hp_perl_revshell,scripts/malicious_0132.sh,synthetic-template/seed=1337,192,2
malicious_0133,malicious,1,dangerous,passwordless sudo persistence,t_sudoers,scripts/malicious_0133.sh,synthetic-template/seed=1337,62,2
malicious_0134,malicious,1,dangerous,passwordless sudo persistence,t_sudoers,scripts/malicious_0134.sh,synthetic-template/seed=1337,65,2
malicious_0135,malicious,1,dangerous,netcat reverse shell,t_revshell_nc,scripts/malicious_0135.sh,synthetic-template/seed=1337,31,1
malicious_0136,malicious,1,dangerous,remote code exec via curl|bash,t_curl_bash,scripts/malicious_0136.sh,synthetic-template/seed=1337,62,2
malicious_0137,malicious,1,dangerous,remote code exec via curl|bash,t_curl_bash,scripts/malicious_0137.sh,synthetic-template/seed=1337,65,2
malicious_0138,malicious,1,dangerous,exfiltrate /etc/shadow over nc,t_passwd_exfil,scripts/malicious_0138.sh,synthetic-template/seed=1337,52,2
malicious_0139,malicious,1,dangerous,bash /dev/tcp reverse shell,t_revshell_bash,scripts/malicious_0139.sh,synthetic-template/seed=1337,54,2
malicious_0140,malicious,1,dangerous,HARD-POS env+python remote exec,t_hp_env_exec,scripts/malicious_0140.sh,synthetic-template/seed=1337,147,3
malicious_0141,malicious,1,dangerous,exfiltrate /etc/shadow over nc,t_passwd_exfil,scripts/malicious_0141.sh,synthetic-template/seed=1337,50,2
malicious_0142,malicious,1,dangerous,ssh authorized_keys backdoor,t_ssh_backdoor,scripts/malicious_0142.sh,synthetic-template/seed=1337,89,3
malicious_0143,malicious,1,dangerous,netcat reverse shell,t_revshell_nc,scripts/malicious_0143.sh,synthetic-template/seed=1337,34,1
malicious_0144,malicious,1,dangerous,exfiltrate /etc/passwd,t_exfil,scripts/malicious_0144.sh,synthetic-template/seed=1337,70,2
malicious_0145,malicious,1,dangerous,exfiltrate /etc/passwd,t_exfil,scripts/malicious_0145.sh,synthetic-template/seed=1337,64,2
malicious_0146,malicious,1,dangerous,cron persistence + remote exec,t_cron_persist,scripts/malicious_0146.sh,synthetic-template/seed=1337,106,2
malicious_0147,malicious,1,dangerous,bash /dev/tcp reverse shell,t_revshell_bash,scripts/malicious_0147.sh,synthetic-template/seed=1337,55,2
malicious_0148,malicious,1,dangerous,passwordless sudo persistence,t_sudoers,scripts/malicious_0148.sh,synthetic-template/seed=1337,64,2
malicious_0149,malicious,1,dangerous,cron persistence + remote exec,t_cron_persist,scripts/malicious_0149.sh,synthetic-template/seed=1337,100,2
malicious_0150,malicious,1,dangerous,HARD-POS perl reverse shell (evasive),t_hp_perl_revshell,scripts/malicious_0150.sh,synthetic-template/seed=1337,199,2
malicious_0151,malicious,1,dangerous,bash /dev/tcp reverse shell,t_revshell_bash,scripts/malicious_0151.sh,synthetic-template/seed=1337,64,2
malicious_0152,malicious,1,dangerous,exfiltrate /etc/passwd,t_exfil,scripts/malicious_0152.sh,synthetic-template/seed=1337,67,2
malicious_0153,malicious,1,dangerous,HARD-POS perl reverse shell (evasive),t_hp_perl_revshell,scripts/malicious_0153.sh,synthetic-template/seed=1337,199,2
malicious_0154,malicious,1,dangerous,HARD-POS env+python remote exec,t_hp_env_exec,scripts/malicious_0154.sh,synthetic-template/seed=1337,148,3
malicious_0155,malicious,1,dangerous,HARD-POS env+python remote exec,t_hp_env_exec,scripts/malicious_0155.sh,synthetic-template/seed=1337,156,3
malicious_0156,malicious,1,dangerous,passwordless sudo persistence,t_sudoers,scripts/malicious_0156.sh,synthetic-template/seed=1337,68,2
malicious_0157,malicious,1,dangerous,passwordless sudo persistence,t_sudoers,scripts/malicious_0157.sh,synthetic-template/seed=1337,65,2
malicious_0158,malicious,1,dangerous,passwordless sudo persistence,t_sudoers,scripts/malicious_0158.sh,synthetic-template/seed=1337,62,2
malicious_0159,malicious,1,dangerous,netcat reverse shell,t_revshell_nc,scripts/malicious_0159.sh,synthetic-template/seed=1337,41,1
malicious_0160,malicious,1,dangerous,exfiltrate /etc/shadow over nc,t_passwd_exfil,scripts/malicious_0160.sh,synthetic-template/seed=1337,50,2
malicious_0161,malicious,1,dangerous,netcat reverse shell,t_revshell_nc,scripts/malicious_0161.sh,synthetic-template/seed=1337,40,1
malicious_0162,malicious,1,dangerous,exfiltrate /etc/shadow over nc,t_passwd_exfil,scripts/malicious_0162.sh,synthetic-template/seed=1337,50,2
malicious_0163,malicious,1,dangerous,netcat reverse shell,t_revshell_nc,scripts/malicious_0163.sh,synthetic-template/seed=1337,28,1
malicious_0164,malicious,1,dangerous,bash /dev/tcp reverse shell,t_revshell_bash,scripts/malicious_0164.sh,synthetic-template/seed=1337,51,2
malicious_0165,malicious,1,dangerous,cron persistence + remote exec,t_cron_persist,scripts/malicious_0165.sh,synthetic-template/seed=1337,103,2
malicious_0166,malicious,1,dangerous,exfiltrate /etc/passwd,t_exfil,scripts/malicious_0166.sh,synthetic-template/seed=1337,77,2
malicious_0167,malicious,1,dangerous,cron persistence + remote exec,t_cron_persist,scripts/malicious_0167.sh,synthetic-template/seed=1337,112,2
malicious_0168,malicious,1,dangerous,remote code exec via curl|bash,t_curl_bash,scripts/malicious_0168.sh,synthetic-template/seed=1337,65,2
malicious_0169,malicious,1,dangerous,netcat reverse shell,t_revshell_nc,scripts/malicious_0169.sh,synthetic-template/seed=1337,31,1
malicious_0170,malicious,1,dangerous,bash /dev/tcp reverse shell,t_revshell_bash,scripts/malicious_0170.sh,synthetic-template/seed=1337,54,2
malicious_0171,malicious,1,dangerous,dd device wipe,t_dd_wipe,scripts/malicious_0171.sh,synthetic-template/seed=1337,55,2
malicious_0172,malicious,1,dangerous,HARD-POS perl reverse shell (evasive),t_hp_perl_revshell,scripts/malicious_0172.sh,synthetic-template/seed=1337,189,2
malicious_0173,malicious,1,dangerous,exfiltrate /etc/shadow over nc,t_passwd_exfil,scripts/malicious_0173.sh,synthetic-template/seed=1337,47,2
malicious_0174,malicious,1,dangerous,exfiltrate /etc/passwd,t_exfil,scripts/malicious_0174.sh,synthetic-template/seed=1337,68,2
malicious_0175,malicious,1,dangerous,cron persistence + remote exec,t_cron_persist,scripts/malicious_0175.sh,synthetic-template/seed=1337,104,2
malicious_0176,malicious,1,dangerous,HARD-POS env+python remote exec,t_hp_env_exec,scripts/malicious_0176.sh,synthetic-template/seed=1337,144,3
malicious_0177,malicious,1,dangerous,HARD-POS perl reverse shell (evasive),t_hp_perl_revshell,scripts/malicious_0177.sh,synthetic-template/seed=1337,189,2
malicious_0178,malicious,1,dangerous,HARD-POS perl reverse shell (evasive),t_hp_perl_revshell,scripts/malicious_0178.sh,synthetic-template/seed=1337,193,2
malicious_0179,malicious,1,dangerous,HARD-POS perl reverse shell (evasive),t_hp_perl_revshell,scripts/malicious_0179.sh,synthetic-template/seed=1337,190,2
malicious_0180,malicious,1,dangerous,HARD-POS env+python remote exec,t_hp_env_exec,scripts/malicious_0180.sh,synthetic-template/seed=1337,147,3
malicious_0181,malicious,1,dangerous,remote code exec via curl|bash,t_curl_bash,scripts/malicious_0181.sh,synthetic-template/seed=1337,74,2
malicious_0182,malicious,1,dangerous,cron persistence + remote exec,t_cron_persist,scripts/malicious_0182.sh,synthetic-template/seed=1337,104,2
malicious_0183,malicious,1,dangerous,exfiltrate /etc/shadow over nc,t_passwd_exfil,scripts/malicious_0183.sh,synthetic-template/seed=1337,53,2
malicious_0184,malicious,1,dangerous,netcat reverse shell,t_revshell_nc,scripts/malicious_0184.sh,synthetic-template/seed=1337,31,1
malicious_0185,malicious,1,dangerous,HARD-POS split download+chmod+exec,t_hp_download_exec,scripts/malicious_0185.sh,synthetic-template/seed=1337,84,4
malicious_0186,malicious,1,dangerous,exfiltrate /etc/shadow over nc,t_passwd_exfil,scripts/malicious_0186.sh,synthetic-template/seed=1337,50,2
malicious_0187,malicious,1,dangerous,bash /dev/tcp reverse shell,t_revshell_bash,scripts/malicious_0187.sh,synthetic-template/seed=1337,54,2
malicious_0188,malicious,1,dangerous,cron persistence + remote exec,t_cron_persist,scripts/malicious_0188.sh,synthetic-template/seed=1337,103,2
malicious_0189,malicious,1,dangerous,bash /dev/tcp reverse shell,t_revshell_bash,scripts/malicious_0189.sh,synthetic-template/seed=1337,63,2
malicious_0190,malicious,1,dangerous,exfiltrate /etc/shadow over nc,t_passwd_exfil,scripts/malicious_0190.sh,synthetic-template/seed=1337,53,2
malicious_0191,malicious,1,dangerous,passwordless sudo persistence,t_sudoers,scripts/malicious_0191.sh,synthetic-template/seed=1337,67,2
malicious_0192,malicious,1,dangerous,HARD-POS split download+chmod+exec,t_hp_download_exec,scripts/malicious_0192.sh,synthetic-template/seed=1337,86,4
malicious_0193,malicious,1,dangerous,exfiltrate /etc/passwd,t_exfil,scripts/malicious_0193.sh,synthetic-template/seed=1337,70,2
malicious_0194,malicious,1,dangerous,netcat reverse shell,t_revshell_nc,scripts/malicious_0194.sh,synthetic-template/seed=1337,42,1
malicious_0195,malicious,1,dangerous,bash /dev/tcp reverse shell,t_revshell_bash,scripts/malicious_0195.sh,synthetic-template/seed=1337,57,2
malicious_0196,malicious,1,dangerous,exfiltrate /etc/shadow over nc,t_passwd_exfil,scripts/malicious_0196.sh,synthetic-template/seed=1337,51,2
malicious_0197,malicious,1,dangerous,exfiltrate /etc/shadow over nc,t_passwd_exfil,scripts/malicious_0197.sh,synthetic-template/seed=1337,53,2
malicious_0198,malicious,1,dangerous,exfiltrate /etc/passwd,t_exfil,scripts/malicious_0198.sh,synthetic-template/seed=1337,67,2
malicious_0199,malicious,1,dangerous,HARD-POS perl reverse shell (evasive),t_hp_perl_revshell,scripts/malicious_0199.sh,synthetic-template/seed=1337,189,2
malicious_0200,malicious,1,dangerous,bash /dev/tcp reverse shell,t_revshell_bash,scripts/malicious_0200.sh,synthetic-template/seed=1337,54,2
malicious_0201,malicious,1,dangerous,HARD-POS perl reverse shell (evasive),t_hp_perl_revshell,scripts/malicious_0201.sh,synthetic-template/seed=1337,189,2
malicious_0202,malicious,1,dangerous,HARD-POS split download+chmod+exec,t_hp_download_exec,scripts/malicious_0202.sh,synthetic-template/seed=1337,92,4
malicious_0203,malicious,1,dangerous,exfiltrate /etc/shadow over nc,t_passwd_exfil,scripts/malicious_0203.sh,synthetic-template/seed=1337,59,2
malicious_0204,malicious,1,dangerous,HARD-POS env+python remote exec,t_hp_env_exec,scripts/malicious_0204.sh,synthetic-template/seed=1337,150,3
malicious_0205,malicious,1,dangerous,HARD-POS split download+chmod+exec,t_hp_download_exec,scripts/malicious_0205.sh,synthetic-template/seed=1337,86,4
ai_generated_0206,ai_generated,0,safe,AI-style image convert (safe),t_safe_convert,scripts/ai_generated_0206.sh,synthetic-template/seed=1337,221,7
ai_generated_0207,ai_generated,0,safe,AI-style batch rename (safe),t_safe_rename,scripts/ai_generated_0207.sh,synthetic-template/seed=1337,145,6
ai_generated_0208,ai_generated,0,safe,AI-style health summary (safe),t_safe_monitor,scripts/ai_generated_0208.sh,synthetic-template/seed=1337,138,5
ai_generated_0209,ai_generated,1,dangerous,AI-style chmod 777 recursive (risky),t_risky_chmod,scripts/ai_generated_0209.sh,synthetic-template/seed=1337,139,4
ai_generated_0210,ai_generated,1,dangerous,AI-style firewall disable (risky),t_risky_disable_fw,scripts/ai_generated_0210.sh,synthetic-template/seed=1337,118,4
ai_generated_0211,ai_generated,1,dangerous,AI-style curl|bash (risky),t_risky_quickinstall,scripts/ai_generated_0211.sh,synthetic-template/seed=1337,185,4
ai_generated_0212,ai_generated,0,safe,AI-style pkg install (safe),t_safe_setup,scripts/ai_generated_0212.sh,synthetic-template/seed=1337,236,7
ai_generated_0213,ai_generated,0,safe,AI-style csv row count (safe),t_safe_csv,scripts/ai_generated_0213.sh,synthetic-template/seed=1337,157,4
ai_generated_0214,ai_generated,1,dangerous,AI-style curl|python (risky),t_risky_pipe_python,scripts/ai_generated_0214.sh,synthetic-template/seed=1337,133,3
ai_generated_0215,ai_generated,0,safe,AI-style csv row count (safe),t_safe_csv,scripts/ai_generated_0215.sh,synthetic-template/seed=1337,156,4
ai_generated_0216,ai_generated,1,dangerous,AI-style ssh key injection (risky),t_risky_addkey,scripts/ai_generated_0216.sh,synthetic-template/seed=1337,169,4
ai_generated_0217,ai_generated,0,safe,AI-style file organize (safe),t_safe_organize,scripts/ai_generated_0217.sh,synthetic-template/seed=1337,248,8
ai_generated_0218,ai_generated,1,dangerous,AI-style curl|python (risky),t_risky_pipe_python,scripts/ai_generated_0218.sh,synthetic-template/seed=1337,136,3
ai_generated_0219,ai_generated,0,safe,AI-style csv row count (safe),t_safe_csv,scripts/ai_generated_0219.sh,synthetic-template/seed=1337,159,4
ai_generated_0220,ai_generated,0,safe,AI-style csv row count (safe),t_safe_csv,scripts/ai_generated_0220.sh,synthetic-template/seed=1337,157,4
ai_generated_0221,ai_generated,0,safe,AI-style batch rename (safe),t_safe_rename,scripts/ai_generated_0221.sh,synthetic-template/seed=1337,153,6
ai_generated_0222,ai_generated,1,dangerous,AI-style curl|bash (risky),t_risky_quickinstall,scripts/ai_generated_0222.sh,synthetic-template/seed=1337,186,4
ai_generated_0223,ai_generated,1,dangerous,AI-style aggressive rm -rf (risky),t_risky_cleanup,scripts/ai_generated_0223.sh,synthetic-template/seed=1337,143,4
ai_generated_0224,ai_generated,0,safe,AI-style file organize (safe),t_safe_organize,scripts/ai_generated_0224.sh,synthetic-template/seed=1337,256,8
ai_generated_0225,ai_generated,0,safe,AI-style file organize (safe),t_safe_organize,scripts/ai_generated_0225.sh,synthetic-template/seed=1337,258,8
ai_generated_0226,ai_generated,1,dangerous,AI-style curl|bash (risky),t_risky_quickinstall,scripts/ai_generated_0226.sh,synthetic-template/seed=1337,186,4
ai_generated_0227,ai_generated,0,safe,AI-style csv row count (safe),t_safe_csv,scripts/ai_generated_0227.sh,synthetic-template/seed=1337,154,4
ai_generated_0228,ai_generated,0,safe,AI-style csv row count (safe),t_safe_csv,scripts/ai_generated_0228.sh,synthetic-template/seed=1337,155,4
ai_generated_0229,ai_generated,0,safe,AI-style file organize (safe),t_safe_organize,scripts/ai_generated_0229.sh,synthetic-template/seed=1337,258,8
ai_generated_0230,ai_generated,1,dangerous,AI-style chmod 777 recursive (risky),t_risky_chmod,scripts/ai_generated_0230.sh,synthetic-template/seed=1337,138,4
ai_generated_0231,ai_generated,0,safe,AI-style pkg install (safe),t_safe_setup,scripts/ai_generated_0231.sh,synthetic-template/seed=1337,245,7
ai_generated_0232,ai_generated,0,safe,AI-style batch rename (safe),t_safe_rename,scripts/ai_generated_0232.sh,synthetic-template/seed=1337,163,6
ai_generated_0233,ai_generated,0,safe,AI-style image convert (safe),t_safe_convert,scripts/ai_generated_0233.sh,synthetic-template/seed=1337,219,7
ai_generated_0234,ai_generated,0,safe,AI-style csv row count (safe),t_safe_csv,scripts/ai_generated_0234.sh,synthetic-template/seed=1337,157,4
ai_generated_0235,ai_generated,0,safe,AI-style image convert (safe),t_safe_convert,scripts/ai_generated_0235.sh,synthetic-template/seed=1337,213,7
ai_generated_0236,ai_generated,0,safe,AI-style batch rename (safe),t_safe_rename,scripts/ai_generated_0236.sh,synthetic-template/seed=1337,157,6
ai_generated_0237,ai_generated,1,dangerous,AI-style curl|python (risky),t_risky_pipe_python,scripts/ai_generated_0237.sh,synthetic-template/seed=1337,134,3
ai_generated_0238,ai_generated,1,dangerous,AI-style chmod 777 recursive (risky),t_risky_chmod,scripts/ai_generated_0238.sh,synthetic-template/seed=1337,139,4
ai_generated_0239,ai_generated,0,safe,AI-style batch rename (safe),t_safe_rename,scripts/ai_generated_0239.sh,synthetic-template/seed=1337,163,6
ai_generated_0240,ai_generated,1,dangerous,AI-style curl|bash (risky),t_risky_quickinstall,scripts/ai_generated_0240.sh,synthetic-template/seed=1337,188,4
ai_generated_0241,ai_generated,0,safe,AI-style batch rename (safe),t_safe_rename,scripts/ai_generated_0241.sh,synthetic-template/seed=1337,157,6
ai_generated_0242,ai_generated,0,safe,AI-style file organize (safe),t_safe_organize,scripts/ai_generated_0242.sh,synthetic-template/seed=1337,240,8
ai_generated_0243,ai_generated,0,safe,AI-style file organize (safe),t_safe_organize,scripts/ai_generated_0243.sh,synthetic-template/seed=1337,252,8
ai_generated_0244,ai_generated,0,safe,AI-style file organize (safe),t_safe_organize,scripts/ai_generated_0244.sh,synthetic-template/seed=1337,244,8
ai_generated_0245,ai_generated,0,safe,AI-style file organize (safe),t_safe_organize,scripts/ai_generated_0245.sh,synthetic-template/seed=1337,246,8
ai_generated_0246,ai_generated,0,safe,AI-style batch rename (safe),t_safe_rename,scripts/ai_generated_0246.sh,synthetic-template/seed=1337,147,6
ai_generated_0247,ai_generated,1,dangerous,AI-style curl|bash (risky),t_risky_quickinstall,scripts/ai_generated_0247.sh,synthetic-template/seed=1337,185,4
ai_generated_0248,ai_generated,0,safe,AI-style csv row count (safe),t_safe_csv,scripts/ai_generated_0248.sh,synthetic-template/seed=1337,157,4
ai_generated_0249,ai_generated,1,dangerous,AI-style chmod 777 recursive (risky),t_risky_chmod,scripts/ai_generated_0249.sh,synthetic-template/seed=1337,146,4
ai_generated_0250,ai_generated,0,safe,AI-style file organize (safe),t_safe_organize,scripts/ai_generated_0250.sh,synthetic-template/seed=1337,246,8
ai_generated_0251,ai_generated,1,dangerous,AI-style curl|python (risky),t_risky_pipe_python,scripts/ai_generated_0251.sh,synthetic-template/seed=1337,134,3
ai_generated_0252,ai_generated,0,safe,AI-style file organize (safe),t_safe_organize,scripts/ai_generated_0252.sh,synthetic-template/seed=1337,254,8
ai_generated_0253,ai_generated,0,safe,AI-style pkg install (safe),t_safe_setup,scripts/ai_generated_0253.sh,synthetic-template/seed=1337,242,7
ai_generated_0254,ai_generated,1,dangerous,AI-style chmod 777 recursive (risky),t_risky_chmod,scripts/ai_generated_0254.sh,synthetic-template/seed=1337,143,4
ai_generated_0255,ai_generated,0,safe,AI-style pkg install (safe),t_safe_setup,scripts/ai_generated_0255.sh,synthetic-template/seed=1337,266,7
ai_generated_0256,ai_generated,0,safe,AI-style pkg install (safe),t_safe_setup,scripts/ai_generated_0256.sh,synthetic-template/seed=1337,242,7
ai_generated_0257,ai_generated,0,safe,AI-style image convert (safe),t_safe_convert,scripts/ai_generated_0257.sh,synthetic-template/seed=1337,223,7
ai_generated_0258,ai_generated,0,safe,AI-style image convert (safe),t_safe_convert,scripts/ai_generated_0258.sh,synthetic-template/seed=1337,213,7
ai_generated_0259,ai_generated,1,dangerous,AI-style curl|bash (risky),t_risky_quickinstall,scripts/ai_generated_0259.sh,synthetic-template/seed=1337,188,4
ai_generated_0260,ai_generated,0,safe,AI-style file organize (safe),t_safe_organize,scripts/ai_generated_0260.sh,synthetic-template/seed=1337,252,8
ai_generated_0261,ai_generated,1,dangerous,AI-style curl|python (risky),t_risky_pipe_python,scripts/ai_generated_0261.sh,synthetic-template/seed=1337,142,3
ai_generated_0262,ai_generated,0,safe,AI-style batch rename (safe),t_safe_rename,scripts/ai_generated_0262.sh,synthetic-template/seed=1337,151,6
ai_generated_0263,ai_generated,0,safe,AI-style batch rename (safe),t_safe_rename,scripts/ai_generated_0263.sh,synthetic-template/seed=1337,149,6
ai_generated_0264,ai_generated,0,safe,AI-style batch rename (safe),t_safe_rename,scripts/ai_generated_0264.sh,synthetic-template/seed=1337,149,6
ai_generated_0265,ai_generated,0,safe,AI-style pkg install (safe),t_safe_setup,scripts/ai_generated_0265.sh,synthetic-template/seed=1337,239,7
ai_generated_0266,ai_generated,0,safe,AI-style pkg install (safe),t_safe_setup,scripts/ai_generated_0266.sh,synthetic-template/seed=1337,275,7
ai_generated_0267,ai_generated,0,safe,AI-style file organize (safe),t_safe_organize,scripts/ai_generated_0267.sh,synthetic-template/seed=1337,244,8
ai_generated_0268,ai_generated,0,safe,AI-style image convert (safe),t_safe_convert,scripts/ai_generated_0268.sh,synthetic-template/seed=1337,207,7
ai_generated_0269,ai_generated,0,safe,AI-style pkg install (safe),t_safe_setup,scripts/ai_generated_0269.sh,synthetic-template/seed=1337,257,7
ai_generated_0270,ai_generated,0,safe,AI-style pkg install (safe),t_safe_setup,scripts/ai_generated_0270.sh,synthetic-template/seed=1337,281,7
ai_generated_0271,ai_generated,0,safe,AI-style file organize (safe),t_safe_organize,scripts/ai_generated_0271.sh,synthetic-template/seed=1337,242,8
ai_generated_0272,ai_generated,0,safe,AI-style image convert (safe),t_safe_convert,scripts/ai_generated_0272.sh,synthetic-template/seed=1337,211,7
ai_generated_0273,ai_generated,0,safe,AI-style image convert (safe),t_safe_convert,scripts/ai_generated_0273.sh,synthetic-template/seed=1337,225,7
ai_generated_0274,ai_generated,1,dangerous,AI-style curl|python (risky),t_risky_pipe_python,scripts/ai_generated_0274.sh,synthetic-template/seed=1337,133,3
ai_generated_0275,ai_generated,1,dangerous,AI-style chmod 777 recursive (risky),t_risky_chmod,scripts/ai_generated_0275.sh,synthetic-template/seed=1337,140,4
ai_generated_0276,ai_generated,0,safe,AI-style batch rename (safe),t_safe_rename,scripts/ai_generated_0276.sh,synthetic-template/seed=1337,159,6
ai_generated_0277,ai_generated,0,safe,AI-style image convert (safe),t_safe_convert,scripts/ai_generated_0277.sh,synthetic-template/seed=1337,219,7
ai_generated_0278,ai_generated,0,safe,AI-style pkg install (safe),t_safe_setup,scripts/ai_generated_0278.sh,synthetic-template/seed=1337,242,7
ai_generated_0279,ai_generated,1,dangerous,AI-style curl|python (risky),t_risky_pipe_python,scripts/ai_generated_0279.sh,synthetic-template/seed=1337,133,3
ai_generated_0280,ai_generated,1,dangerous,AI-style chmod 777 recursive (risky),t_risky_chmod,scripts/ai_generated_0280.sh,synthetic-template/seed=1337,143,4
obfuscated_0281,obfuscated,1,dangerous,variable-split rm -rf,t_var_split,scripts/obfuscated_0281.sh,synthetic-template/seed=1337,59,3
obfuscated_0282,obfuscated,1,dangerous,IFS/command-substitution obfuscation,t_ifs_obfusc,scripts/obfuscated_0282.sh,synthetic-template/seed=1337,70,2
obfuscated_0283,obfuscated,1,dangerous,octal-printf constructed rm,t_printf_octal,scripts/obfuscated_0283.sh,synthetic-template/seed=1337,58,2
obfuscated_0284,obfuscated,1,dangerous,hex-encoded reverse shell,t_hex,scripts/obfuscated_0284.sh,synthetic-template/seed=1337,114,3
obfuscated_0285,obfuscated,1,dangerous,base64+eval destructive rm,t_b64_eval,scripts/obfuscated_0285.sh,synthetic-template/seed=1337,66,2
obfuscated_0286,obfuscated,1,dangerous,IFS/command-substitution obfuscation,t_ifs_obfusc,scripts/obfuscated_0286.sh,synthetic-template/seed=1337,63,2
obfuscated_0287,obfuscated,1,dangerous,reversed-string piped to shell,t_rev,scripts/obfuscated_0287.sh,synthetic-template/seed=1337,65,2
obfuscated_0288,obfuscated,1,dangerous,hex-encoded reverse shell,t_hex,scripts/obfuscated_0288.sh,synthetic-template/seed=1337,117,3
obfuscated_0289,obfuscated,1,dangerous,hex-encoded reverse shell,t_hex,scripts/obfuscated_0289.sh,synthetic-template/seed=1337,114,3
obfuscated_0290,obfuscated,1,dangerous,IFS/command-substitution obfuscation,t_ifs_obfusc,scripts/obfuscated_0290.sh,synthetic-template/seed=1337,60,2
obfuscated_0291,obfuscated,1,dangerous,base64-decoded curl|bash payload,t_b64_payload,scripts/obfuscated_0291.sh,synthetic-template/seed=1337,85,2
obfuscated_0292,obfuscated,1,dangerous,hex-encoded reverse shell,t_hex,scripts/obfuscated_0292.sh,synthetic-template/seed=1337,123,3
obfuscated_0293,obfuscated,1,dangerous,base64-decoded curl|bash payload,t_b64_payload,scripts/obfuscated_0293.sh,synthetic-template/seed=1337,85,2
obfuscated_0294,obfuscated,1,dangerous,IFS/command-substitution obfuscation,t_ifs_obfusc,scripts/obfuscated_0294.sh,synthetic-template/seed=1337,61,2
obfuscated_0295,obfuscated,1,dangerous,IFS/command-substitution obfuscation,t_ifs_obfusc,scripts/obfuscated_0295.sh,synthetic-template/seed=1337,69,2
obfuscated_0296,obfuscated,1,dangerous,base64-decoded curl|bash payload,t_b64_payload,scripts/obfuscated_0296.sh,synthetic-template/seed=1337,81,2
obfuscated_0297,obfuscated,1,dangerous,base64-decoded curl|bash payload,t_b64_payload,scripts/obfuscated_0297.sh,synthetic-template/seed=1337,97,2
obfuscated_0298,obfuscated,1,dangerous,hex-encoded reverse shell,t_hex,scripts/obfuscated_0298.sh,synthetic-template/seed=1337,114,3
obfuscated_0299,obfuscated,1,dangerous,hex-encoded reverse shell,t_hex,scripts/obfuscated_0299.sh,synthetic-template/seed=1337,123,3
obfuscated_0300,obfuscated,1,dangerous,IFS/command-substitution obfuscation,t_ifs_obfusc,scripts/obfuscated_0300.sh,synthetic-template/seed=1337,63,2
obfuscated_0301,obfuscated,1,dangerous,hex-encoded reverse shell,t_hex,scripts/obfuscated_0301.sh,synthetic-template/seed=1337,118,3
obfuscated_0302,obfuscated,1,dangerous,hex-encoded reverse shell,t_hex,scripts/obfuscated_0302.sh,synthetic-template/seed=1337,115,3
obfuscated_0303,obfuscated,1,dangerous,base64-decoded curl|bash payload,t_b64_payload,scripts/obfuscated_0303.sh,synthetic-template/seed=1337,85,2
obfuscated_0304,obfuscated,1,dangerous,hex-encoded reverse shell,t_hex,scripts/obfuscated_0304.sh,synthetic-template/seed=1337,124,3
obfuscated_0305,obfuscated,1,dangerous,hex-encoded reverse shell,t_hex,scripts/obfuscated_0305.sh,synthetic-template/seed=1337,123,3
obfuscated_0306,obfuscated,1,dangerous,hex-encoded reverse shell,t_hex,scripts/obfuscated_0306.sh,synthetic-template/seed=1337,112,3
obfuscated_0307,obfuscated,1,dangerous,hex-encoded reverse shell,t_hex,scripts/obfuscated_0307.sh,synthetic-template/seed=1337,115,3
obfuscated_0308,obfuscated,1,dangerous,hex-encoded reverse shell,t_hex,scripts/obfuscated_0308.sh,synthetic-template/seed=1337,114,3
obfuscated_0309,obfuscated,1,dangerous,hex-encoded reverse shell,t_hex,scripts/obfuscated_0309.sh,synthetic-template/seed=1337,117,3
obfuscated_0310,obfuscated,1,dangerous,base64-decoded curl|bash payload,t_b64_payload,scripts/obfuscated_0310.sh,synthetic-template/seed=1337,89,2
obfuscated_0311,obfuscated,1,dangerous,IFS/command-substitution obfuscation,t_ifs_obfusc,scripts/obfuscated_0311.sh,synthetic-template/seed=1337,60,2
obfuscated_0312,obfuscated,1,dangerous,base64-decoded curl|bash payload,t_b64_payload,scripts/obfuscated_0312.sh,synthetic-template/seed=1337,97,2
obfuscated_0313,obfuscated,1,dangerous,IFS/command-substitution obfuscation,t_ifs_obfusc,scripts/obfuscated_0313.sh,synthetic-template/seed=1337,57,2
obfuscated_0314,obfuscated,1,dangerous,base64-decoded curl|bash payload,t_b64_payload,scripts/obfuscated_0314.sh,synthetic-template/seed=1337,85,2
obfuscated_0315,obfuscated,1,dangerous,hex-encoded reverse shell,t_hex,scripts/obfuscated_0315.sh,synthetic-template/seed=1337,123,3
obfuscated_0316,obfuscated,1,dangerous,hex-encoded reverse shell,t_hex,scripts/obfuscated_0316.sh,synthetic-template/seed=1337,114,3
obfuscated_0317,obfuscated,1,dangerous,hex-encoded reverse shell,t_hex,scripts/obfuscated_0317.sh,synthetic-template/seed=1337,117,3
obfuscated_0318,obfuscated,1,dangerous,base64-decoded curl|bash payload,t_b64_payload,scripts/obfuscated_0318.sh,synthetic-template/seed=1337,85,2
obfuscated_0319,obfuscated,1,dangerous,hex-encoded reverse shell,t_hex,scripts/obfuscated_0319.sh,synthetic-template/seed=1337,124,3
obfuscated_0320,obfuscated,1,dangerous,hex-encoded reverse shell,t_hex,scripts/obfuscated_0320.sh,synthetic-template/seed=1337,114,3
obfuscated_0321,obfuscated,1,dangerous,IFS/command-substitution obfuscation,t_ifs_obfusc,scripts/obfuscated_0321.sh,synthetic-template/seed=1337,61,2
obfuscated_0322,obfuscated,1,dangerous,hex-encoded reverse shell,t_hex,scripts/obfuscated_0322.sh,synthetic-template/seed=1337,117,3
obfuscated_0323,obfuscated,1,dangerous,hex-encoded reverse shell,t_hex,scripts/obfuscated_0323.sh,synthetic-template/seed=1337,111,3
obfuscated_0324,obfuscated,1,dangerous,hex-encoded reverse shell,t_hex,scripts/obfuscated_0324.sh,synthetic-template/seed=1337,124,3
obfuscated_0325,obfuscated,1,dangerous,hex-encoded reverse shell,t_hex,scripts/obfuscated_0325.sh,synthetic-template/seed=1337,117,3
obfuscated_0326,obfuscated,1,dangerous,hex-encoded reverse shell,t_hex,scripts/obfuscated_0326.sh,synthetic-template/seed=1337,123,3
obfuscated_0327,obfuscated,1,dangerous,hex-encoded reverse shell,t_hex,scripts/obfuscated_0327.sh,synthetic-template/seed=1337,114,3
obfuscated_0328,obfuscated,1,dangerous,hex-encoded reverse shell,t_hex,scripts/obfuscated_0328.sh,synthetic-template/seed=1337,115,3
obfuscated_0329,obfuscated,1,dangerous,hex-encoded reverse shell,t_hex,scripts/obfuscated_0329.sh,synthetic-template/seed=1337,117,3
obfuscated_0330,obfuscated,1,dangerous,hex-encoded reverse shell,t_hex,scripts/obfuscated_0330.sh,synthetic-template/seed=1337,114,3
obfuscated_0331,obfuscated,1,dangerous,hex-encoded reverse shell,t_hex,scripts/obfuscated_0331.sh,synthetic-template/seed=1337,124,3
obfuscated_0332,obfuscated,1,dangerous,hex-encoded reverse shell,t_hex,scripts/obfuscated_0332.sh,synthetic-template/seed=1337,116,3
obfuscated_0333,obfuscated,1,dangerous,hex-encoded reverse shell,t_hex,scripts/obfuscated_0333.sh,synthetic-template/seed=1337,111,3
obfuscated_0334,obfuscated,1,dangerous,hex-encoded reverse shell,t_hex,scripts/obfuscated_0334.sh,synthetic-template/seed=1337,118,3
obfuscated_0335,obfuscated,1,dangerous,IFS/command-substitution obfuscation,t_ifs_obfusc,scripts/obfuscated_0335.sh,synthetic-template/seed=1337,60,2
sysadmin_0336,sysadmin,0,safe,open firewall port (safe),t_firewall_rule,scripts/sysadmin_0336.sh,synthetic-template/seed=1337,84,4
sysadmin_0337,sysadmin,0,safe,db dump (safe),t_backup_db,scripts/sysadmin_0337.sh,synthetic-template/seed=1337,115,4
sysadmin_0338,sysadmin,0,safe,create swap file (safe),t_add_swap,scripts/sysadmin_0338.sh,synthetic-template/seed=1337,159,7
sysadmin_0339,sysadmin,0,safe,TLS cert renewal (safe),t_cert_renew,scripts/sysadmin_0339.sh,synthetic-template/seed=1337,107,5
sysadmin_0340,sysadmin,0,safe,HARD-NEG recursive chmod 755 web root (safe),t_hn_chmod_www,scripts/sysadmin_0340.sh,synthetic-template/seed=1337,153,5
sysadmin_0341,sysadmin,0,safe,create swap file (safe),t_add_swap,scripts/sysadmin_0341.sh,synthetic-template/seed=1337,159,7
sysadmin_0342,sysadmin,1,dangerous,chmod 777 /etc (dangerous),t_risky_chmod_etc,scripts/sysadmin_0342.sh,synthetic-template/seed=1337,86,3
sysadmin_0343,sysadmin,0,safe,rsync mirror backup (safe),t_rsync_backup,scripts/sysadmin_0343.sh,synthetic-template/seed=1337,127,4
sysadmin_0344,sysadmin,0,safe,system update (safe),t_update_system,scripts/sysadmin_0344.sh,synthetic-template/seed=1337,108,4
sysadmin_0345,sysadmin,0,safe,service restart (safe),t_service_restart,scripts/sysadmin_0345.sh,synthetic-template/seed=1337,122,4
sysadmin_0346,sysadmin,0,safe,list listening ports (safe),t_check_ports,scripts/sysadmin_0346.sh,synthetic-template/seed=1337,79,3
sysadmin_0347,sysadmin,0,safe,journalctl log review (safe),t_tail_log,scripts/sysadmin_0347.sh,synthetic-template/seed=1337,90,3
sysadmin_0348,sysadmin,0,safe,db dump (safe),t_backup_db,scripts/sysadmin_0348.sh,synthetic-template/seed=1337,121,4
sysadmin_0349,sysadmin,0,safe,docker prune (safe),t_prune_docker,scripts/sysadmin_0349.sh,synthetic-template/seed=1337,78,3
sysadmin_0350,sysadmin,0,safe,open firewall port (safe),t_firewall_rule,scripts/sysadmin_0350.sh,synthetic-template/seed=1337,84,4
sysadmin_0351,sysadmin,0,safe,journalctl log review (safe),t_tail_log,scripts/sysadmin_0351.sh,synthetic-template/seed=1337,93,3
sysadmin_0352,sysadmin,0,safe,HARD-NEG dd file-to-file image copy (safe),t_hn_dd_image,scripts/sysadmin_0352.sh,synthetic-template/seed=1337,156,4
sysadmin_0353,sysadmin,0,safe,disk usage alert (safe),t_disk_check,scripts/sysadmin_0353.sh,synthetic-template/seed=1337,164,4
sysadmin_0354,sysadmin,0,safe,HARD-NEG deploy conf to /etc + reload (safe),t_hn_deploy_conf,scripts/sysadmin_0354.sh,synthetic-template/seed=1337,175,5
sysadmin_0355,sysadmin,0,safe,open firewall port (safe),t_firewall_rule,scripts/sysadmin_0355.sh,synthetic-template/seed=1337,85,4
sysadmin_0356,sysadmin,0,safe,log archival (safe),t_logrotate,scripts/sysadmin_0356.sh,synthetic-template/seed=1337,125,4
sysadmin_0357,sysadmin,0,safe,disk usage alert (safe),t_disk_check,scripts/sysadmin_0357.sh,synthetic-template/seed=1337,166,4
sysadmin_0358,sysadmin,0,safe,journalctl log review (safe),t_tail_log,scripts/sysadmin_0358.sh,synthetic-template/seed=1337,91,3
sysadmin_0359,sysadmin,0,safe,install backup cron (safe),t_cron_backup,scripts/sysadmin_0359.sh,synthetic-template/seed=1337,122,3
sysadmin_0360,sysadmin,1,dangerous,dd disk clone overwrite (dangerous),t_risky_dd_clone,scripts/sysadmin_0360.sh,synthetic-template/seed=1337,112,3
sysadmin_0361,sysadmin,0,safe,journalctl log review (safe),t_tail_log,scripts/sysadmin_0361.sh,synthetic-template/seed=1337,95,3
sysadmin_0362,sysadmin,0,safe,service account creation (safe),t_user_add,scripts/sysadmin_0362.sh,synthetic-template/seed=1337,129,4
sysadmin_0363,sysadmin,0,safe,service account creation (safe),t_user_add,scripts/sysadmin_0363.sh,synthetic-template/seed=1337,132,4
sysadmin_0364,sysadmin,0,safe,disk usage alert (safe),t_disk_check,scripts/sysadmin_0364.sh,synthetic-template/seed=1337,164,4
sysadmin_0365,sysadmin,0,safe,service account creation (safe),t_user_add,scripts/sysadmin_0365.sh,synthetic-template/seed=1337,126,4
sysadmin_0366,sysadmin,0,safe,db dump (safe),t_backup_db,scripts/sysadmin_0366.sh,synthetic-template/seed=1337,117,4
sysadmin_0367,sysadmin,0,safe,service restart (safe),t_service_restart,scripts/sysadmin_0367.sh,synthetic-template/seed=1337,120,4
sysadmin_0368,sysadmin,0,safe,HARD-NEG recursive chmod 755 web root (safe),t_hn_chmod_www,scripts/sysadmin_0368.sh,synthetic-template/seed=1337,143,5
sysadmin_0369,sysadmin,0,safe,log archival (safe),t_logrotate,scripts/sysadmin_0369.sh,synthetic-template/seed=1337,126,4
sysadmin_0370,sysadmin,0,safe,HARD-NEG recursive chmod 755 web root (safe),t_hn_chmod_www,scripts/sysadmin_0370.sh,synthetic-template/seed=1337,143,5
sysadmin_0371,sysadmin,0,safe,disk usage alert (safe),t_disk_check,scripts/sysadmin_0371.sh,synthetic-template/seed=1337,158,4
sysadmin_0372,sysadmin,0,safe,db dump (safe),t_backup_db,scripts/sysadmin_0372.sh,synthetic-template/seed=1337,125,4
sysadmin_0373,sysadmin,0,safe,rsync mirror backup (safe),t_rsync_backup,scripts/sysadmin_0373.sh,synthetic-template/seed=1337,141,4
sysadmin_0374,sysadmin,0,safe,rsync mirror backup (safe),t_rsync_backup,scripts/sysadmin_0374.sh,synthetic-template/seed=1337,133,4
sysadmin_0375,sysadmin,0,safe,rsync mirror backup (safe),t_rsync_backup,scripts/sysadmin_0375.sh,synthetic-template/seed=1337,145,4
sysadmin_0376,sysadmin,0,safe,HARD-NEG deploy conf to /etc + reload (safe),t_hn_deploy_conf,scripts/sysadmin_0376.sh,synthetic-template/seed=1337,167,5
sysadmin_0377,sysadmin,0,safe,log archival (safe),t_logrotate,scripts/sysadmin_0377.sh,synthetic-template/seed=1337,125,4
sysadmin_0378,sysadmin,0,safe,log archival (safe),t_logrotate,scripts/sysadmin_0378.sh,synthetic-template/seed=1337,123,4
sysadmin_0379,sysadmin,0,safe,journalctl log review (safe),t_tail_log,scripts/sysadmin_0379.sh,synthetic-template/seed=1337,88,3
sysadmin_0380,sysadmin,0,safe,disk usage alert (safe),t_disk_check,scripts/sysadmin_0380.sh,synthetic-template/seed=1337,166,4
sysadmin_0381,sysadmin,0,safe,disk usage alert (safe),t_disk_check,scripts/sysadmin_0381.sh,synthetic-template/seed=1337,166,4
sysadmin_0382,sysadmin,0,safe,rsync mirror backup (safe),t_rsync_backup,scripts/sysadmin_0382.sh,synthetic-template/seed=1337,143,4
sysadmin_0383,sysadmin,0,safe,log archival (safe),t_logrotate,scripts/sysadmin_0383.sh,synthetic-template/seed=1337,128,4
sysadmin_0384,sysadmin,0,safe,create swap file (safe),t_add_swap,scripts/sysadmin_0384.sh,synthetic-template/seed=1337,159,7
sysadmin_0385,sysadmin,0,safe,log archival (safe),t_logrotate,scripts/sysadmin_0385.sh,synthetic-template/seed=1337,123,4
sysadmin_0386,sysadmin,0,safe,log archival (safe),t_logrotate,scripts/sysadmin_0386.sh,synthetic-template/seed=1337,121,4
sysadmin_0387,sysadmin,0,safe,db dump (safe),t_backup_db,scripts/sysadmin_0387.sh,synthetic-template/seed=1337,121,4
sysadmin_0388,sysadmin,0,safe,disk usage alert (safe),t_disk_check,scripts/sysadmin_0388.sh,synthetic-template/seed=1337,166,4
sysadmin_0389,sysadmin,0,safe,service restart (safe),t_service_restart,scripts/sysadmin_0389.sh,synthetic-template/seed=1337,116,4
sysadmin_0390,sysadmin,0,safe,service account creation (safe),t_user_add,scripts/sysadmin_0390.sh,synthetic-template/seed=1337,129,4
sysadmin_0391,sysadmin,0,safe,log archival (safe),t_logrotate,scripts/sysadmin_0391.sh,synthetic-template/seed=1337,121,4
sysadmin_0392,sysadmin,0,safe,rsync mirror backup (safe),t_rsync_backup,scripts/sysadmin_0392.sh,synthetic-template/seed=1337,145,4
sysadmin_0393,sysadmin,0,safe,rsync mirror backup (safe),t_rsync_backup,scripts/sysadmin_0393.sh,synthetic-template/seed=1337,139,4
sysadmin_0394,sysadmin,0,safe,rsync mirror backup (safe),t_rsync_backup,scripts/sysadmin_0394.sh,synthetic-template/seed=1337,135,4
sysadmin_0395,sysadmin,0,safe,service restart (safe),t_service_restart,scripts/sysadmin_0395.sh,synthetic-template/seed=1337,114,4
sysadmin_0396,sysadmin,0,safe,service restart (safe),t_service_restart,scripts/sysadmin_0396.sh,synthetic-template/seed=1337,116,4
sysadmin_0397,sysadmin,0,safe,service restart (safe),t_service_restart,scripts/sysadmin_0397.sh,synthetic-template/seed=1337,112,4
sysadmin_0398,sysadmin,0,safe,disk usage alert (safe),t_disk_check,scripts/sysadmin_0398.sh,synthetic-template/seed=1337,158,4
sysadmin_0399,sysadmin,0,safe,service account creation (safe),t_user_add,scripts/sysadmin_0399.sh,synthetic-template/seed=1337,131,4
sysadmin_0400,sysadmin,0,safe,service account creation (safe),t_user_add,scripts/sysadmin_0400.sh,synthetic-template/seed=1337,133,4
sysadmin_0401,sysadmin,0,safe,journalctl log review (safe),t_tail_log,scripts/sysadmin_0401.sh,synthetic-template/seed=1337,90,3
sysadmin_0402,sysadmin,0,safe,service restart (safe),t_service_restart,scripts/sysadmin_0402.sh,synthetic-template/seed=1337,116,4
sysadmin_0403,sysadmin,0,safe,service account creation (safe),t_user_add,scripts/sysadmin_0403.sh,synthetic-template/seed=1337,128,4
sysadmin_0404,sysadmin,0,safe,disk usage alert (safe),t_disk_check,scripts/sysadmin_0404.sh,synthetic-template/seed=1337,158,4
sysadmin_0405,sysadmin,0,safe,log archival (safe),t_logrotate,scripts/sysadmin_0405.sh,synthetic-template/seed=1337,120,4
sysadmin_0406,sysadmin,0,safe,rsync mirror backup (safe),t_rsync_backup,scripts/sysadmin_0406.sh,synthetic-template/seed=1337,133,4
sysadmin_0407,sysadmin,0,safe,service account creation (safe),t_user_add,scripts/sysadmin_0407.sh,synthetic-template/seed=1337,126,4
sysadmin_0408,sysadmin,0,safe,log archival (safe),t_logrotate,scripts/sysadmin_0408.sh,synthetic-template/seed=1337,121,4
sysadmin_0409,sysadmin,0,safe,log archival (safe),t_logrotate,scripts/sysadmin_0409.sh,synthetic-template/seed=1337,124,4
sysadmin_0410,sysadmin,0,safe,log archival (safe),t_logrotate,scripts/sysadmin_0410.sh,synthetic-template/seed=1337,123,4
sysadmin_0411,sysadmin,0,safe,journalctl log review (safe),t_tail_log,scripts/sysadmin_0411.sh,synthetic-template/seed=1337,89,3
sysadmin_0412,sysadmin,0,safe,service restart (safe),t_service_restart,scripts/sysadmin_0412.sh,synthetic-template/seed=1337,118,4
sysadmin_0413,sysadmin,0,safe,log archival (safe),t_logrotate,scripts/sysadmin_0413.sh,synthetic-template/seed=1337,128,4
sysadmin_0414,sysadmin,0,safe,disk usage alert (safe),t_disk_check,scripts/sysadmin_0414.sh,synthetic-template/seed=1337,164,4
sysadmin_0415,sysadmin,0,safe,log archival (safe),t_logrotate,scripts/sysadmin_0415.sh,synthetic-template/seed=1337,123,4
sysadmin_0416,sysadmin,0,safe,create swap file (safe),t_add_swap,scripts/sysadmin_0416.sh,synthetic-template/seed=1337,159,7
sysadmin_0417,sysadmin,0,safe,rsync mirror backup (safe),t_rsync_backup,scripts/sysadmin_0417.sh,synthetic-template/seed=1337,139,4
sysadmin_0418,sysadmin,0,safe,service restart (safe),t_service_restart,scripts/sysadmin_0418.sh,synthetic-template/seed=1337,126,4
sysadmin_0419,sysadmin,0,safe,journalctl log review (safe),t_tail_log,scripts/sysadmin_0419.sh,synthetic-template/seed=1337,92,3
sysadmin_0420,sysadmin,0,safe,log archival (safe),t_logrotate,scripts/sysadmin_0420.sh,synthetic-template/seed=1337,121,4
